[
  {
    "title": "Power laws, Pareto distributions and Zipf's law",
    "sections_found": [
      "introduction",
      "results",
      "methodology",
      "conclusion"
    ],
    "methods": [],
    "metrics": [],
    "datasets": [],
    "validation": {
      "introduction": true,
      "methodology": true,
      "results": true
    }
  },
  {
    "title": "Global fire emissions and the contribution of deforestation, savanna, forest, agricultural, and peat fires (1997-2009)",
    "sections_found": [
      "abstract",
      "introduction",
      "methodology",
      "results",
      "conclusion"
    ],
    "methods": [],
    "metrics": [],
    "datasets": [
      "dataset"
    ],
    "validation": {
      "introduction": true,
      "methodology": true,
      "results": true
    }
  }
]